{"cameraMode":{"drawMode":0,"name":"Shaded","section":"Shading Mode"},"sceneLighting":false,"audioPlay":false,"sceneViewState":{"m_AlwaysRefresh":false,"showFog":true,"showSkybox":false,"showFlares":true,"showImageEffects":true,"showParticleSystems":true,"showVisualEffectGraphs":true,"m_FxEnabled":true},"in2DMode":false,"pivot":{"x":9.044753074645996,"y":1.496302604675293,"z":-1.813336730003357},"rotation":{"x":0.004152023699134588,"y":0.9623743891716003,"z":-0.27133387327194216,"w":0.014725341461598874},"size":1.3357081413269044,"orthographic":false}