{"cameraMode":{"drawMode":0,"name":"Shaded","section":"Shading Mode"},"sceneLighting":true,"audioPlay":false,"sceneViewState":{"m_AlwaysRefresh":false,"showFog":true,"showSkybox":true,"showFlares":true,"showImageEffects":true,"showParticleSystems":true,"showVisualEffectGraphs":true,"m_FxEnabled":true},"in2DMode":false,"pivot":{"x":-2.1339869499206545,"y":-2.277106285095215,"z":3.1947364807128908},"rotation":{"x":-0.059107594192028049,"y":0.9383850693702698,"z":-0.27371251583099368,"w":-0.20266194641590119},"size":5.737321853637695,"orthographic":false}