{"cameraMode":{"drawMode":0,"name":"Shaded","section":"Shading Mode"},"sceneLighting":true,"audioPlay":false,"sceneViewState":{"m_AlwaysRefresh":false,"showFog":true,"showSkybox":true,"showFlares":true,"showImageEffects":true,"showParticleSystems":true,"showVisualEffectGraphs":true,"m_FxEnabled":true},"in2DMode":false,"pivot":{"x":0.5099007487297058,"y":7.07427978515625,"z":6.470342636108398},"rotation":{"x":-0.0011960959527641535,"y":0.9299667477607727,"z":-0.367671400308609,"w":-0.003062379313632846},"size":0.5145529508590698,"orthographic":false}